Date,ID,Name,Age
2023-01-01 00:00:00.000000000,82161,Michael Gonzales,38
2023-01-01 17:33:18.396793587,81480,Crystal Cox,68
2023-01-02 11:06:36.793587174,17969,Matthew Anderson,55
2023-01-03 04:39:55.190380761,28786,Dale Lee,64
2023-01-03 22:13:13.587174348,46131,Andrea Glover,47
2023-01-04 15:46:31.983967935,89637,Brian Chavez,18
2023-01-05 09:19:50.380761523,89871,Michael Mendez,67
2023-01-06 02:53:08.777555110,40132,Justin Mann,63
2023-01-06 20:26:27.174348697,2704,Mark Jordan,59
2023-01-07 13:59:45.571142284,96147,Scott Jensen,59
2023-01-08 07:33:03.967935871,31305,Nicholas Bell,26
2023-01-09 01:06:22.364729458,11181,Brenda Murphy,30
2023-01-09 18:39:40.761523046,92975,Paul Ware Jr.,19
2023-01-10 12:12:59.158316633,92303,Brendan Watkins,64
2023-01-11 05:46:17.555110220,72495,Kelly Martin,21
2023-01-11 23:19:35.951903807,79595,Kim Davis,65
2023-01-12 16:52:54.348697394,98651,Carlos Rodriguez,50
2023-01-13 10:26:12.745490981,91040,Mitchell Schultz,42
2023-01-14 03:59:31.142284569,24508,Shannon Hill,48
2023-01-14 21:32:49.539078156,84466,Michele Moore,55
2023-01-15 15:06:07.935871743,69388,Natalie Velazquez,54
2023-01-16 08:39:26.332665330,87406,Anthony Ramos,19
2023-01-17 02:12:44.729458917,58896,Jessica Hall,26
2023-01-17 19:46:03.126252505,35287,Roger Williamson,43
2023-01-18 13:19:21.523046092,25732,Breanna Summers DDS,41
2023-01-19 06:52:39.919839679,21602,Janice Ford,58
2023-01-20 00:25:58.316633266,42232,Jamie Morgan,20
2023-01-20 17:59:16.713426853,84727,Brian White,34
2023-01-21 11:32:35.110220440,40813,Christopher Pena,44
2023-01-22 05:05:53.507014028,98366,Sherry Patel,53
2023-01-22 22:39:11.903807615,26896,Amanda Rogers,42
2023-01-23 16:12:30.300601202,14767,James Bell,51
2023-01-24 09:45:48.697394789,69951,Diane Evans,45
2023-01-25 03:19:07.094188376,67406,Mandy Bolton,56
2023-01-25 20:52:25.490981963,2665,John Moore,29
2023-01-26 14:25:43.887775551,95602,Margaret Pierce,23
2023-01-27 07:59:02.284569138,49079,Russell Anderson,24
2023-01-28 01:32:20.681362725,15712,Jennifer Duncan,64
2023-01-28 19:05:39.078156312,64426,Lisa Hudson,21
2023-01-29 12:38:57.474949899,94131,Kari Wiley,48
2023-01-30 06:12:15.871743487,19825,Rose Smith,23
2023-01-30 23:45:34.268537074,76143,Robert Payne,60
2023-01-31 17:18:52.665330661,92146,Dawn Harris,54
2023-02-01 10:52:11.062124248,28680,Emily Newman,38
2023-02-02 04:25:29.458917835,63392,Amy Murphy PhD,69
2023-02-02 21:58:47.855711422,18561,Elizabeth Rivera,34
2023-02-03 15:32:06.252505010,47364,Amy Perez,62
2023-02-04 09:05:24.649298597,47428,Amanda Nichols,68
2023-02-05 02:38:43.046092184,32359,Karen Palmer,43
2023-02-05 20:12:01.442885771,18276,Jason Mooney,67
2023-02-06 13:45:19.839679358,77621,Megan Miller,42
2023-02-07 07:18:38.236472946,92489,Heather Wiley,24
2023-02-08 00:51:56.633266533,33852,Margaret Jimenez,41
2023-02-08 18:25:15.030060120,20680,Julie Barker,57
2023-02-09 11:58:33.426853707,2510,Katie Brown,69
2023-02-10 05:31:51.823647294,77920,Robert Smith,29
2023-02-10 23:05:10.220440881,73013,Gary Hughes,57
2023-02-11 16:38:28.617234469,4522,Jack Dalton,55
2023-02-12 10:11:47.014028056,71192,Becky Mccarty,60
2023-02-13 03:45:05.410821643,41697,Eric Dillon,48
2023-02-13 21:18:23.807615230,52982,Robert Flynn,19
2023-02-14 14:51:42.204408817,53856,Michelle Mclean,59
2023-02-15 08:25:00.601202404,31050,Allen Johnson,40
2023-02-16 01:58:18.997995992,59847,Becky Payne,30
2023-02-16 19:31:37.394789579,72485,Larry Wells,30
2023-02-17 13:04:55.791583166,3406,Christopher Long,56
2023-02-18 06:38:14.188376753,87475,Michael Avila,21
2023-02-19 00:11:32.585170340,3554,Karla Gonzalez MD,26
2023-02-19 17:44:50.981963927,68519,Katelyn Brown,69
2023-02-20 11:18:09.378757515,50963,Paula Boyer,40
2023-02-21 04:51:27.775551102,62547,John Wyatt,29
2023-02-21 22:24:46.172344689,37489,Sarah Reyes,34
2023-02-22 15:58:04.569138276,99614,Richard Barnes,26
2023-02-23 09:31:22.965931864,23347,Timothy Davis,70
2023-02-24 03:04:41.362725451,97189,Amy Martin,26
2023-02-24 20:37:59.759519038,2150,Jennifer Perez,40
2023-02-25 14:11:18.156312625,53169,Brooke Hughes,18
2023-02-26 07:44:36.553106212,98284,Nicole Tran,47
2023-02-27 01:17:54.949899799,41166,Joseph Williams,57
2023-02-27 18:51:13.346693387,12080,Mr. Troy Dickerson DDS,68
2023-02-28 12:24:31.743486974,31506,Edward Tucker,22
2023-03-01 05:57:50.140280561,26469,Gloria King,23
2023-03-01 23:31:08.537074148,74427,Jeremy Martin,39
2023-03-02 17:04:26.933867735,93459,Kelly Shepard,67
2023-03-03 10:37:45.330661322,78759,Lisa Wilcox,45
2023-03-04 04:11:03.727454910,45285,Stephen Morales,21
2023-03-04 21:44:22.124248497,32636,Ricky Jones,20
2023-03-05 15:17:40.521042084,7315,Erika Ayala,42
2023-03-06 08:50:58.917835671,59025,Gloria Robertson,23
2023-03-07 02:24:17.314629258,55633,Peter Blair,53
2023-03-07 19:57:35.711422845,98507,Victoria Jones,24
2023-03-08 13:30:54.108216433,3751,Stephanie Hernandez,41
2023-03-09 07:04:12.505010020,49396,Pamela Cruz,34
2023-03-10 00:37:30.901803607,64746,Bryan Adams,47
2023-03-10 18:10:49.298597194,31251,Caleb Bradley,39
2023-03-11 11:44:07.695390781,56044,Allen Wilson,24
2023-03-12 05:17:26.092184368,17657,Jennifer Sullivan,55
2023-03-12 22:50:44.488977956,4556,Stacy Parrish,41
2023-03-13 16:24:02.885771543,13869,Thomas Lewis,40
2023-03-14 09:57:21.282565130,1350,Marc Brown,28
2023-03-15 03:30:39.679358717,92442,Elaine Fletcher,36
2023-03-15 21:03:58.076152304,46746,Veronica Smith,18
2023-03-16 14:37:16.472945892,73387,Thomas Cummings,29
2023-03-17 08:10:34.869739479,19104,Paul Dickerson,34
2023-03-18 01:43:53.266533066,30864,Paul Greene,67
2023-03-18 19:17:11.663326653,50064,David Robinson,24
2023-03-19 12:50:30.060120240,75820,Beth Kline,42
2023-03-20 06:23:48.456913827,75064,Charles Blake,55
2023-03-20 23:57:06.853707415,95416,Mary Taylor,21
2023-03-21 17:30:25.250501002,31920,Blake Williams,46
2023-03-22 11:03:43.647294589,50450,Kimberly Martin,32
2023-03-23 04:37:02.044088176,27917,Victoria Grimes,24
2023-03-23 22:10:20.440881763,22858,Joshua Fuentes,56
2023-03-24 15:43:38.837675350,91964,Raymond Larson,27
2023-03-25 09:16:57.234468938,25809,Kevin Jackson,43
2023-03-26 02:50:15.631262525,75962,Christine Diaz,22
2023-03-26 20:23:34.028056112,6357,Antonio Henderson,38
2023-03-27 13:56:52.424849699,4310,Kristin Anderson,23
2023-03-28 07:30:10.821643286,90575,Victoria Marshall,41
2023-03-29 01:03:29.218436873,37332,Gabriel Sanchez MD,42
2023-03-29 18:36:47.615230461,22940,Kelli Johnson,19
2023-03-30 12:10:06.012024048,5943,Patricia Jackson,62
2023-03-31 05:43:24.408817635,2378,Jacqueline Williams,59
2023-03-31 23:16:42.805611222,37928,Jamie Roach,65
2023-04-01 16:50:01.202404809,52592,John Finley,24
2023-04-02 10:23:19.599198396,31621,Michael Gonzales,43
2023-04-03 03:56:37.995991984,59692,Ashley Ferguson,56
2023-04-03 21:29:56.392785571,39093,Kimberly Diaz,36
2023-04-04 15:03:14.789579158,23315,Caitlin Hill,56
2023-04-05 08:36:33.186372745,7813,Timothy Humphrey,31
2023-04-06 02:09:51.583166332,23561,Steve Fernandez,21
2023-04-06 19:43:09.979959920,28050,Michael Estrada,37
2023-04-07 13:16:28.376753507,45021,Veronica Payne,28
2023-04-08 06:49:46.773547094,35017,Meredith Newton,48
2023-04-09 00:23:05.170340681,40944,Alison Smith,21
2023-04-09 17:56:23.567134268,86936,Lisa Padilla,63
2023-04-10 11:29:41.963927855,15581,Kevin Jones,64
2023-04-11 05:03:00.360721443,75866,Amanda Phillips,40
2023-04-11 22:36:18.757515030,26413,Alex Patterson,24
2023-04-12 16:09:37.154308617,55374,Thomas Boyle,24
2023-04-13 09:42:55.551102204,91163,Sharon Rose,34
2023-04-14 03:16:13.947895791,74499,Misty Richardson,59
2023-04-14 20:49:32.344689378,29150,William Wolfe,33
2023-04-15 14:22:50.741482966,10333,Michael Wheeler,40
2023-04-16 07:56:09.138276552,70661,Maria Watkins,19
2023-04-17 01:29:27.535070140,1382,Lisa Reyes,39
2023-04-17 19:02:45.931863728,34742,Yvonne Hayes,22
2023-04-18 12:36:04.328657314,55254,Kristopher Lopez,39
2023-04-19 06:09:22.725450902,20266,Christine Webb,48
2023-04-19 23:42:41.122244488,23937,Anthony Mccarthy,59
2023-04-20 17:15:59.519038076,1478,Sean Butler,34
2023-04-21 10:49:17.915831662,77094,Julian King,44
2023-04-22 04:22:36.312625250,51063,Andrew Elliott,25
2023-04-22 21:55:54.709418838,7501,Carla Brooks,57
2023-04-23 15:29:13.106212424,24711,Juan Vargas,36
2023-04-24 09:02:31.503006012,81529,Mrs. Alexis Hill,49
2023-04-25 02:35:49.899799598,97045,Joseph Davis,57
2023-04-25 20:09:08.296593186,54621,Jillian Spencer,66
2023-04-26 13:42:26.693386774,76041,Tyler Lee,19
2023-04-27 07:15:45.090180360,24338,Luis Perez,27
2023-04-28 00:49:03.486973948,85155,Carolyn Ray,44
2023-04-28 18:22:21.883767534,13744,Michael Simpson,47
2023-04-29 11:55:40.280561122,14890,John Bell,23
2023-04-30 05:28:58.677354710,57284,Jennifer Ball,46
2023-04-30 23:02:17.074148296,43973,Elizabeth Martin,55
2023-05-01 16:35:35.470941884,61662,Timothy Olson,56
2023-05-02 10:08:53.867735470,57967,Dennis Bailey,69
2023-05-03 03:42:12.264529058,32364,Christina Jordan,32
2023-05-03 21:15:30.661322644,38457,Thomas Neal,27
2023-05-04 14:48:49.058116232,49011,Chad Wright,62
2023-05-05 08:22:07.454909820,88213,Charles Stone,18
2023-05-06 01:55:25.851703406,98341,Cathy Smith,20
2023-05-06 19:28:44.248496994,60144,Angela Ingram,22
2023-05-07 13:02:02.645290580,14614,Haley Contreras,44
2023-05-08 06:35:21.042084168,35623,Brenda Flores,28
2023-05-09 00:08:39.438877756,70539,Rebecca Ferguson,25
2023-05-09 17:41:57.835671342,46359,Jeffery Ford,41
2023-05-10 11:15:16.232464930,26013,Chad Baker,40
2023-05-11 04:48:34.629258516,74863,Richard Ward,59
2023-05-11 22:21:53.026052104,55158,Cynthia House,62
2023-05-12 15:55:11.422845690,83160,Steve Howard,56
2023-05-13 09:28:29.819639278,71038,Olivia Schneider,28
2023-05-14 03:01:48.216432866,95918,Paul Wheeler,24
2023-05-14 20:35:06.613226452,95138,Scott Kennedy,57
2023-05-15 14:08:25.010020040,69689,Dawn Moody,18
2023-05-16 07:41:43.406813626,55097,James Matthews,66
2023-05-17 01:15:01.803607214,24241,Gregory English,24
2023-05-17 18:48:20.200400802,3470,Gregory Daniels MD,23
2023-05-18 12:21:38.597194388,24983,Nicole Johnson,48
2023-05-19 05:54:56.993987976,81412,Michael Hall,24
2023-05-19 23:28:15.390781562,75927,James Williamson,41
2023-05-20 17:01:33.787575150,70464,Jason Knox,19
2023-05-21 10:34:52.184368736,79467,Theresa Lopez,60
2023-05-22 04:08:10.581162324,45061,Alyssa Alvarado,52
2023-05-22 21:41:28.977955912,99497,Micheal Ayala,37
2023-05-23 15:14:47.374749498,76853,Jason Cherry,27
2023-05-24 08:48:05.771543086,45053,Jennifer George,19
2023-05-25 02:21:24.168336672,59632,Ronald Parker,62
2023-05-25 19:54:42.565130260,43405,Jeremy Miller DDS,18
2023-05-26 13:28:00.961923848,80936,Curtis Mills,41
2023-05-27 07:01:19.358717434,69081,Kurt Trevino,19
2023-05-28 00:34:37.755511022,14980,Craig Johnston,33
2023-05-28 18:07:56.152304608,44389,David Moss,48
2023-05-29 11:41:14.549098196,70494,Frank Reid,35
2023-05-30 05:14:32.945891784,14893,Justin Mercado,53
2023-05-30 22:47:51.342685370,78387,Jaime Bruce,27
2023-05-31 16:21:09.739478958,98879,Bruce Finley,49
2023-06-01 09:54:28.136272544,59741,Brandon Carroll,69
2023-06-02 03:27:46.533066132,81932,Mary Jensen,58
2023-06-02 21:01:04.929859718,10463,Kimberly Little,19
2023-06-03 14:34:23.326653306,22065,James Beck,24
2023-06-04 08:07:41.723446894,57271,Christopher Garcia,36
2023-06-05 01:41:00.120240480,22646,Nicholas Garcia,43
2023-06-05 19:14:18.517034068,37725,Scott Lowe,48
2023-06-06 12:47:36.913827654,36739,Robin Simon,25
2023-06-07 06:20:55.310621242,70936,Jessica Koch,19
2023-06-07 23:54:13.707414830,9527,Sheila Shah,68
2023-06-08 17:27:32.104208416,12923,Evan Glass,45
2023-06-09 11:00:50.501002004,81443,Donald Gray,40
2023-06-10 04:34:08.897795590,42303,Christopher Tyler,30
2023-06-10 22:07:27.294589178,47057,Terry Villarreal,29
2023-06-11 15:40:45.691382764,16684,Kristina Wagner,21
2023-06-12 09:14:04.088176352,27416,Marcus Montes,27
2023-06-13 02:47:22.484969940,90202,Frances Wood,63
2023-06-13 20:20:40.881763526,46773,Eric Garrett,38
2023-06-14 13:53:59.278557114,62779,Misty West,43
2023-06-15 07:27:17.675350700,59990,James Carpenter,47
2023-06-16 01:00:36.072144288,76022,Amanda Jimenez,51
2023-06-16 18:33:54.468937876,18443,Jennifer Haynes,51
2023-06-17 12:07:12.865731462,41171,Alyssa Kelly,33
2023-06-18 05:40:31.262525050,31018,Steven Gonzalez,51
2023-06-18 23:13:49.659318636,67256,Katherine Jones,45
2023-06-19 16:47:08.056112224,27257,Kathy Carter,43
2023-06-20 10:20:26.452905812,9029,Melanie Trevino,22
2023-06-21 03:53:44.849699398,28740,Kayla Meyer,48
2023-06-21 21:27:03.246492986,61014,Dave Vance,70
2023-06-22 15:00:21.643286572,79972,Meagan Small,38
2023-06-23 08:33:40.040080160,85033,Terri Fisher,40
2023-06-24 02:06:58.436873746,89018,Victor Lam,32
2023-06-24 19:40:16.833667334,24041,James Carrillo,29
2023-06-25 13:13:35.230460922,40427,Whitney Diaz,18
2023-06-26 06:46:53.627254508,12417,Renee Hernandez,39
2023-06-27 00:20:12.024048096,84367,Deborah Martinez,29
2023-06-27 17:53:30.420841682,40684,Marcus Johnson,23
2023-06-28 11:26:48.817635270,68057,John Scott,36
2023-06-29 05:00:07.214428858,37554,Samuel Roberts,38
2023-06-29 22:33:25.611222444,62854,Robert Cannon,57
2023-06-30 16:06:44.008016032,904,Scott Wilson,35
2023-07-01 09:40:02.404809618,55297,Amy Wright,30
2023-07-02 03:13:20.801603206,10883,William Lee,30
2023-07-02 20:46:39.198396792,66274,Ivan Holden,25
2023-07-03 14:19:57.595190380,81629,Shannon Jones,63
2023-07-04 07:53:15.991983968,7932,Thomas Hinton,55
2023-07-05 01:26:34.388777554,55690,Ryan Carter,68
2023-07-05 18:59:52.785571142,46362,Caroline Clark,65
2023-07-06 12:33:11.182364728,37591,Edward Carpenter,46
2023-07-07 06:06:29.579158316,1531,Timothy Mcintyre,23
2023-07-07 23:39:47.975951904,33603,Rebecca Choi,22
2023-07-08 17:13:06.372745490,7614,Mr. Cody Henderson,26
2023-07-09 10:46:24.769539078,21306,Timothy Mitchell,47
2023-07-10 04:19:43.166332664,11321,Michael Mitchell,68
2023-07-10 21:53:01.563126252,13570,Benjamin Mata,37
2023-07-11 15:26:19.959919840,21753,Michelle Ford,59
2023-07-12 08:59:38.356713426,68633,Dawn Mclaughlin,46
2023-07-13 02:32:56.753507014,23074,Christopher Vaughan,54
2023-07-13 20:06:15.150300600,48686,Alexander Barber,35
2023-07-14 13:39:33.547094188,40092,Samantha Malone,48
2023-07-15 07:12:51.943887774,23349,Jade Howell,29
2023-07-16 00:46:10.340681362,80479,David Fields,46
2023-07-16 18:19:28.737474950,97581,Matthew Rivera,57
2023-07-17 11:52:47.134268536,17035,Barbara Rice,48
2023-07-18 05:26:05.531062124,16424,Brian Rodriguez,33
2023-07-18 22:59:23.927855710,48562,Ryan Gutierrez,52
2023-07-19 16:32:42.324649298,9576,Terry Scott,50
2023-07-20 10:06:00.721442886,72010,Emily Franklin,19
2023-07-21 03:39:19.118236472,75674,Jessica Davidson,69
2023-07-21 21:12:37.515030060,99710,Rachel Hodges,36
2023-07-22 14:45:55.911823646,57561,Bradley Evans,18
2023-07-23 08:19:14.308617234,54595,Eric Miller,21
2023-07-24 01:52:32.705410820,91564,Connie Cooper,39
2023-07-24 19:25:51.102204408,81689,Christine Leach,31
2023-07-25 12:59:09.498997996,76690,Joshua Vazquez,32
2023-07-26 06:32:27.895791582,35553,Corey Thompson,21
2023-07-27 00:05:46.292585170,12061,Annette Orr,28
2023-07-27 17:39:04.689378756,76249,Susan Stevens,60
2023-07-28 11:12:23.086172344,26798,Laura Bell,43
2023-07-29 04:45:41.482965932,38814,Kelsey Roberts,25
2023-07-29 22:18:59.879759520,23806,Kaylee Morton,45
2023-07-30 15:52:18.276553104,15453,Mark Gomez,68
2023-07-31 09:25:36.673346692,99587,Julie Payne,66
2023-08-01 02:58:55.070140280,32919,Sherry Jackson,53
2023-08-01 20:32:13.466933868,45819,Misty Christian,24
2023-08-02 14:05:31.863727456,70538,Robert Griffin,18
2023-08-03 07:38:50.260521040,44982,Jennifer Stein,49
2023-08-04 01:12:08.657314628,8527,Anne Fisher,19
2023-08-04 18:45:27.054108216,28753,Brandy Nelson,18
2023-08-05 12:18:45.450901804,90631,Brenda Palmer,56
2023-08-06 05:52:03.847695392,80331,Virginia Arroyo,44
2023-08-06 23:25:22.244488976,96580,Jennifer Kennedy MD,29
2023-08-07 16:58:40.641282564,48095,Isabel Landry,64
2023-08-08 10:31:59.038076152,2429,James Wallace,23
2023-08-09 04:05:17.434869740,30892,Nichole Anderson,32
2023-08-09 21:38:35.831663324,23325,Joel Smith,44
2023-08-10 15:11:54.228456912,85313,Daniel Smith,39
2023-08-11 08:45:12.625250500,24518,Jaclyn Wolfe,22
2023-08-12 02:18:31.022044088,40936,Stephanie Hernandez,69
2023-08-12 19:51:49.418837676,54424,Gabrielle Wade,38
2023-08-13 13:25:07.815631260,67356,Douglas Saunders,66
2023-08-14 06:58:26.212424848,45452,Arthur Brewer,48
2023-08-15 00:31:44.609218436,52072,Daniel Ward,63
2023-08-15 18:05:03.006012024,79313,Derrick Byrd,52
2023-08-16 11:38:21.402805612,88160,Stephen Boyd,26
2023-08-17 05:11:39.799599196,70739,Paula Miller,61
2023-08-17 22:44:58.196392784,83860,Anthony Smith,65
2023-08-18 16:18:16.593186372,80840,Mary Stevens,52
2023-08-19 09:51:34.989979960,32235,Amy Martin,60
2023-08-20 03:24:53.386773548,7684,Tammy Gaines,66
2023-08-20 20:58:11.783567132,35046,Barbara Kennedy DVM,37
2023-08-21 14:31:30.180360720,65687,Nicholas Wilkinson,36
2023-08-22 08:04:48.577154308,13754,Nancy Thomas,20
2023-08-23 01:38:06.973947896,96541,Jim Ellison,49
2023-08-23 19:11:25.370741484,74528,Richard Reid,51
2023-08-24 12:44:43.767535068,12535,Kelli Santana,35
2023-08-25 06:18:02.164328656,43211,Valerie Davis,34
2023-08-25 23:51:20.561122244,90195,Gabriela Zimmerman,40
2023-08-26 17:24:38.957915832,90067,Laurie Moore,53
2023-08-27 10:57:57.354709420,43894,Cynthia Malone,46
2023-08-28 04:31:15.751503004,33527,Tracie Holmes,46
2023-08-28 22:04:34.148296592,74116,Elizabeth May,69
2023-08-29 15:37:52.545090180,6910,Albert Taylor,64
2023-08-30 09:11:10.941883768,18019,Miranda Brown,47
2023-08-31 02:44:29.338677352,87063,Sandra Fitzgerald,62
2023-08-31 20:17:47.735470940,33237,Mr. Grant Gutierrez,29
2023-09-01 13:51:06.132264528,28412,Robert Johnson,18
2023-09-02 07:24:24.529058116,58105,Laura Sanchez,47
2023-09-03 00:57:42.925851704,59117,Jennifer Jones,43
2023-09-03 18:31:01.322645288,90500,Gavin Rubio,47
2023-09-04 12:04:19.719438876,87208,Andrew Sullivan,43
2023-09-05 05:37:38.116232464,16035,Kelly Allen,35
2023-09-05 23:10:56.513026052,84653,Jerry Lopez,59
2023-09-06 16:44:14.909819640,16716,Melissa Perez,22
2023-09-07 10:17:33.306613224,97763,Joel Maxwell,30
2023-09-08 03:50:51.703406812,3772,Christina Kane,27
2023-09-08 21:24:10.100200400,10502,Timothy Reed,25
2023-09-09 14:57:28.496993988,50283,Karla Leon,39
2023-09-10 08:30:46.893787576,84804,Alice Alvarado,54
2023-09-11 02:04:05.290581160,65262,Gregory Gonzalez,34
2023-09-11 19:37:23.687374748,44087,Veronica Parsons,38
2023-09-12 13:10:42.084168336,80914,Jeffrey Peterson,24
2023-09-13 06:44:00.480961924,97904,Nathan Pham,35
2023-09-14 00:17:18.877755512,6074,Greg Martinez Jr.,53
2023-09-14 17:50:37.274549096,52728,Hannah Daniels,29
2023-09-15 11:23:55.671342684,25126,Paul Hernandez,57
2023-09-16 04:57:14.068136272,62020,Alicia Palmer,30
2023-09-16 22:30:32.464929860,84908,Patrick White,63
2023-09-17 16:03:50.861723448,45085,Alexander Stewart MD,33
2023-09-18 09:37:09.258517032,39671,Barbara Williams,27
2023-09-19 03:10:27.655310620,57054,Pamela Ramirez DVM,61
2023-09-19 20:43:46.052104208,25596,Beth Compton,27
2023-09-20 14:17:04.448897796,73540,Colleen Davis,18
2023-09-21 07:50:22.845691380,1390,Sherry Joseph,61
2023-09-22 01:23:41.242484968,30730,Adam Campbell,44
2023-09-22 18:56:59.639278556,98948,Samuel Mitchell,42
2023-09-23 12:30:18.036072144,13264,Susan Wong,51
2023-09-24 06:03:36.432865732,79786,Brandy Huang,37
2023-09-24 23:36:54.829659316,39549,Pamela Padilla,23
2023-09-25 17:10:13.226452904,31187,Regina Cabrera,45
2023-09-26 10:43:31.623246492,88366,Morgan Murphy,66
2023-09-27 04:16:50.020040080,34707,Kevin Marsh,68
2023-09-27 21:50:08.416833668,55287,Melissa Young,65
2023-09-28 15:23:26.813627252,97540,Anthony Morris,46
2023-09-29 08:56:45.210420840,76003,Victor Mills,18
2023-09-30 02:30:03.607214428,98581,Gary Rodriguez,32
2023-09-30 20:03:22.004008016,44067,Nancy Taylor,67
2023-10-01 13:36:40.400801604,91587,Jason Harris,34
2023-10-02 07:09:58.797595188,9460,David Craig,33
2023-10-03 00:43:17.194388776,19409,Deborah Buchanan,45
2023-10-03 18:16:35.591182364,2979,Elizabeth Nguyen,32
2023-10-04 11:49:53.987975952,3237,Adam Aguilar,52
2023-10-05 05:23:12.384769540,18280,Michael Wright,60
2023-10-05 22:56:30.781563124,78346,Lori Williams,64
2023-10-06 16:29:49.178356712,47164,Matthew Mason,67
2023-10-07 10:03:07.575150300,6294,Amy Davis,32
2023-10-08 03:36:25.971943888,57824,Isabel Brown,39
2023-10-08 21:09:44.368737472,49314,Sarah Johnson,24
2023-10-09 14:43:02.765531060,99790,Taylor Best,49
2023-10-10 08:16:21.162324648,98363,Elizabeth Morris,38
2023-10-11 01:49:39.559118236,46307,Steven Obrien,36
2023-10-11 19:22:57.955911824,29880,Michelle Kane,54
2023-10-12 12:56:16.352705408,43696,Max Richardson,69
2023-10-13 06:29:34.749498996,56598,Amanda Barrett,41
2023-10-14 00:02:53.146292584,56121,Robert Smith,25
2023-10-14 17:36:11.543086172,74969,Victoria Le,58
2023-10-15 11:09:29.939879760,45773,Kathryn Williams,18
2023-10-16 04:42:48.336673344,24247,Lisa Oneal,30
2023-10-16 22:16:06.733466932,11351,Cory Carter,47
2023-10-17 15:49:25.130260520,17289,Jason Griffin,46
2023-10-18 09:22:43.527054108,71542,Megan Joseph,60
2023-10-19 02:56:01.923847696,48135,Kevin Scott,59
2023-10-19 20:29:20.320641280,72312,Taylor Fernandez,47
2023-10-20 14:02:38.717434868,8253,Hunter Underwood,33
2023-10-21 07:35:57.114228456,6195,Mary Caldwell,33
2023-10-22 01:09:15.511022044,97657,Valerie Poole,57
2023-10-22 18:42:33.907815632,85810,Kent Elliott,21
2023-10-23 12:15:52.304609216,86985,Robin Allen,54
2023-10-24 05:49:10.701402804,60193,Stephen Harvey,19
2023-10-24 23:22:29.098196392,33436,Marcus Boyle,31
2023-10-25 16:55:47.494989980,88405,Jason Taylor,44
2023-10-26 10:29:05.891783568,54223,Wendy Wells,67
2023-10-27 04:02:24.288577152,93478,Mrs. Amanda Cunningham,63
2023-10-27 21:35:42.685370740,45717,Haley Young,69
2023-10-28 15:09:01.082164328,94255,Mrs. Heather Harris MD,28
2023-10-29 08:42:19.478957916,49694,Terri Stein,55
2023-10-30 02:15:37.875751500,6746,Dr. Nicole White PhD,63
2023-10-30 19:48:56.272545088,60298,Steven Hicks,49
2023-10-31 13:22:14.669338676,33800,Mary Chen,39
2023-11-01 06:55:33.066132264,61892,Jessica Johnson,31
2023-11-02 00:28:51.462925852,10267,Elizabeth Marshall,47
2023-11-02 18:02:09.859719436,14409,Michael Richards,41
2023-11-03 11:35:28.256513024,72871,Thomas Garner,28
2023-11-04 05:08:46.653306612,50119,Timothy Burns,45
2023-11-04 22:42:05.050100200,92439,Mark Murphy,69
2023-11-05 16:15:23.446893788,54575,Rachael Henderson,42
2023-11-06 09:48:41.843687372,93285,David Rhodes,26
2023-11-07 03:22:00.240480960,27033,Amanda Scott,60
2023-11-07 20:55:18.637274548,84430,Kelly Hernandez,31
2023-11-08 14:28:37.034068136,33736,Jose Adams,37
2023-11-09 08:01:55.430861724,58389,Nicole Vasquez,65
2023-11-10 01:35:13.827655308,75881,Grace Ibarra,53
2023-11-10 19:08:32.224448896,82794,Austin Williams,41
2023-11-11 12:41:50.621242484,70720,Kyle Porter,46
2023-11-12 06:15:09.018036072,70919,Theresa Martin,52
2023-11-12 23:48:27.414829660,23038,Alison Powell,59
2023-11-13 17:21:45.811623244,71388,Hunter Wheeler,41
2023-11-14 10:55:04.208416832,10023,Jimmy Martin,26
2023-11-15 04:28:22.605210420,76242,Cynthia Pearson,63
2023-11-15 22:01:41.002004008,51352,Andrew Bell,32
2023-11-16 15:34:59.398797596,48255,Brett Chapman,30
2023-11-17 09:08:17.795591180,55180,Peter Coffey,53
2023-11-18 02:41:36.192384768,42496,Monica Hurley,45
2023-11-18 20:14:54.589178356,98744,Matthew Ferguson,41
2023-11-19 13:48:12.985971944,54963,Stephen Brown,58
2023-11-20 07:21:31.382765528,24492,Sara Price,47
2023-11-21 00:54:49.779559116,30425,Jake Grant,22
2023-11-21 18:28:08.176352704,10991,Joel Jones,28
2023-11-22 12:01:26.573146292,14899,Eric Thompson,30
2023-11-23 05:34:44.969939880,50957,Michael Kennedy,46
2023-11-23 23:08:03.366733464,51432,Amy Peterson,25
2023-11-24 16:41:21.763527052,25579,Melissa Walker,69
2023-11-25 10:14:40.160320640,45520,Ryan Warren,40
2023-11-26 03:47:58.557114228,40473,Benjamin Jackson,66
2023-11-26 21:21:16.953907816,72170,Daniel Johnson,18
2023-11-27 14:54:35.350701400,40784,William Dillon,70
2023-11-28 08:27:53.747494988,64415,Zachary Davis,32
2023-11-29 02:01:12.144288576,36817,Paul Padilla,53
2023-11-29 19:34:30.541082164,5336,Kelly Coleman,52
2023-11-30 13:07:48.937875752,24083,Jamie Martinez,69
2023-12-01 06:41:07.334669336,33591,George Adams,70
2023-12-02 00:14:25.731462924,20197,Nicholas Herrera,45
2023-12-02 17:47:44.128256512,32964,Lisa Hernandez,35
2023-12-03 11:21:02.525050100,69717,Christina West,47
2023-12-04 04:54:20.921843688,56608,Charles Lee,44
2023-12-04 22:27:39.318637272,59788,Jonathan Lambert,69
2023-12-05 16:00:57.715430860,48213,Jennifer Smith,41
2023-12-06 09:34:16.112224448,8212,Michael Bennett,32
2023-12-07 03:07:34.509018036,55092,Carly Vega,31
2023-12-07 20:40:52.905811624,90186,Kenneth Schneider,63
2023-12-08 14:14:11.302605208,11980,Deanna Medina,46
2023-12-09 07:47:29.699398796,9395,Gina Robinson,19
2023-12-10 01:20:48.096192384,24018,Glenda Harris,46
2023-12-10 18:54:06.492985972,76196,Raymond Walker,54
2023-12-11 12:27:24.889779556,45075,Seth Butler,67
2023-12-12 06:00:43.286573144,39592,John Higgins,27
2023-12-12 23:34:01.683366732,85817,Emily Flores,35
2023-12-13 17:07:20.080160320,29624,Lori West,36
2023-12-14 10:40:38.476953908,49086,Sean Hurst,54
2023-12-15 04:13:56.873747492,1876,Cynthia Hancock,31
2023-12-15 21:47:15.270541080,65187,Jacob Gordon,33
2023-12-16 15:20:33.667334668,44082,Luis Barron,70
2023-12-17 08:53:52.064128256,13109,Katelyn Ramirez,25
2023-12-18 02:27:10.460921844,41533,Jennifer Gordon,19
2023-12-18 20:00:28.857715428,16449,Ralph Mendoza,60
2023-12-19 13:33:47.254509016,54587,Blake Page,31
2023-12-20 07:07:05.651302604,76244,Angela Anderson,45
2023-12-21 00:40:24.048096192,15236,Darius White,31
2023-12-21 18:13:42.444889780,90758,John Pugh,50
2023-12-22 11:47:00.841683364,95457,Anthony Noble,66
2023-12-23 05:20:19.238476952,57566,Leslie Reid,39
2023-12-23 22:53:37.635270540,94364,Nicolas White,69
2023-12-24 16:26:56.032064128,20334,Robert Guerra,45
2023-12-25 10:00:14.428857716,81327,Christopher Hardin,67
2023-12-26 03:33:32.825651300,91852,Sheryl Mejia,41
2023-12-26 21:06:51.222444888,63041,Tyler Lozano,47
2023-12-27 14:40:09.619238476,85149,Stephen Robinson,45
2023-12-28 08:13:28.016032064,51843,Megan Lambert,56
2023-12-29 01:46:46.412825652,48600,James Stewart,26
2023-12-29 19:20:04.809619236,16675,Heather Norman,55
2023-12-30 12:53:23.206412824,45135,Mary Oliver,63
2023-12-31 06:26:41.603206412,54139,Sylvia Stein,55
2024-01-01 00:00:00.000000000,10223,Roger Jimenez,45
